timestamp,temperature,humidity,windSpeed,windDirection,rainfall,rainDetected,pulses,tipCount
2026-06-02T16:19:16,25.6,63.0,0.0,135,0.0,False,0,0
2026-06-02T16:19:19,25.6,63.0,0.0,135,0.0,False,0,0
2026-06-02T16:19:20,25.6,63.0,0.0,135,0.0,False,0,0
2026-06-02T16:19:26,25.6,63.0,0.0,135,0.0,False,0,0
2026-06-02T16:19:32,25.5,63.0,0.0,135,0.0,False,0,0
2026-06-02T16:19:38,25.5,63.0,0.0,135,0.0,False,0,0
2026-06-02T16:19:39,25.5,63.0,0.0,135,0.0,False,0,0
2026-06-02T16:19:40,25.5,63.0,0.0,135,0.0,False,0,0
2026-06-02T16:19:51,25.5,63.0,0.0,135,0.0,False,0,0
2026-06-02T16:19:52,25.5,63.0,0.0,135,0.0,False,0,0
2026-06-02T16:19:53,25.5,63.0,0.0,135,0.0,False,0,0
2026-06-02T16:19:54,25.5,63.0,0.0,135,0.0,False,0,0
2026-06-02T16:19:55,25.5,63.0,0.0,135,0.0,False,0,0
2026-06-02T16:19:56,25.5,63.0,0.0,135,0.0,False,0,0
2026-06-02T16:20:00,25.5,63.0,0.0,135,0.0,False,0,0
2026-06-02T16:20:11,25.6,63.0,0.0,135,0.0,False,0,0
2026-06-02T16:20:12,25.6,63.0,0.0,135,0.0,False,0,0
2026-06-02T16:20:13,25.6,63.0,0.0,135,0.0,False,0,0
2026-06-02T16:20:34,25.6,63.0,0.0,135,0.0,False,0,0
2026-06-02T16:20:35,25.6,63.0,0.0,135,0.0,False,0,0
2026-06-02T16:20:36,25.6,63.0,0.0,135,0.0,False,0,0
2026-06-02T16:20:37,25.5,63.0,0.0,135,0.0,False,0,0
2026-06-02T16:20:45,25.5,63.0,0.0,135,0.0,False,0,0
2026-06-02T16:20:45,25.5,63.0,0.0,135,0.0,False,0,0
2026-06-02T16:20:46,25.5,63.0,0.0,135,0.0,False,0,0
2026-06-02T16:20:47,25.5,63.0,0.0,135,0.2,True,0,1
2026-06-02T16:20:52,25.5,63.0,0.0,135,0.4,True,0,2
2026-06-02T16:20:52,25.5,63.0,0.0,135,0.4,True,0,2
2026-06-02T16:20:53,25.5,63.0,0.0,135,0.4,True,0,2
2026-06-02T16:20:54,25.5,63.0,0.0,135,0.4,True,0,2
2026-06-02T16:20:55,25.5,63.0,0.0,135,0.4,True,0,2
2026-06-02T16:20:58,25.5,63.0,14.4,135,0.4,True,12,2
2026-06-02T16:21:01,25.5,63.0,43.2,135,0.4,True,36,2
2026-06-02T16:21:01,25.5,64.0,19.2,135,0.4,True,16,2
2026-06-02T16:21:02,25.5,64.0,2.4,135,0.4,True,2,2
2026-06-02T16:21:03,25.5,64.0,2.4,135,0.4,True,2,2
2026-06-02T16:21:04,25.5,64.0,0.0,135,0.4,True,0,2
2026-06-02T16:21:05,25.5,64.0,0.0,135,0.4,True,0,2
2026-06-02T16:21:06,25.5,64.0,0.0,135,0.4,True,0,2
2026-06-02T16:21:07,25.5,64.0,0.0,135,0.0,False,0,0
2026-06-02T16:21:08,25.5,64.0,0.0,135,0.0,False,0,0
2026-06-02T16:21:09,25.5,64.0,0.0,135,0.0,False,0,0
2026-06-02T16:21:10,25.5,64.0,0.0,135,0.0,False,0,0
2026-06-02T16:21:15,25.5,64.0,0.0,135,0.0,False,0,0
2026-06-02T16:21:16,25.5,64.0,0.0,135,0.0,False,0,0
2026-06-02T16:21:16,25.5,64.0,0.0,135,0.0,False,0,0
2026-06-02T16:21:17,25.5,64.0,0.0,135,0.0,False,0,0
2026-06-02T16:21:18,25.5,64.0,0.0,135,0.0,False,0,0
2026-06-02T16:21:22,25.5,64.0,0.0,135,0.0,False,0,0
2026-06-02T16:21:23,25.5,64.0,0.0,135,0.0,False,0,0
2026-06-02T16:21:24,25.5,64.0,0.0,135,0.0,False,0,0
2026-06-02T16:21:27,25.5,64.0,0.0,135,0.0,False,0,0
2026-06-02T16:21:53,25.5,65.0,0.0,135,0.2,True,0,1
2026-06-02T16:21:54,25.5,65.0,0.0,135,0.2,True,0,1
2026-06-02T16:21:55,25.6,65.0,0.0,135,0.2,True,0,1
2026-06-02T16:21:56,25.6,65.0,0.0,135,0.2,True,0,1
2026-06-02T16:22:17,25.6,64.0,2.4,135,0.0,False,2,0
2026-06-02T16:22:18,25.6,63.0,4.8,135,0.0,False,4,0
2026-06-02T16:22:22,25.6,63.0,7.2,135,0.0,False,6,0
2026-06-02T16:22:22,25.6,63.0,12.0,135,0.0,False,10,0
2026-06-02T16:22:23,25.6,63.0,0.0,135,0.0,False,0,0
2026-06-02T16:22:23,25.6,65.0,0.0,135,0.2,True,0,1
2026-06-02T16:22:32,25.7,63.0,0.0,135,0.0,False,0,0
2026-06-02T16:22:35,25.7,63.0,0.0,135,0.0,False,0,0
2026-06-02T16:22:36,25.7,63.0,0.0,135,0.0,False,0,0
2026-06-02T16:22:37,25.7,63.0,0.0,135,0.0,False,0,0
2026-06-02T16:22:38,25.7,63.0,0.0,135,0.0,False,0,0
2026-06-02T16:22:39,25.7,63.0,0.0,135,0.0,False,0,0
2026-06-02T16:22:40,25.7,63.0,0.0,135,0.0,False,0,0
2026-06-02T16:22:41,25.7,63.0,0.0,135,0.0,False,0,0
2026-06-02T16:22:42,25.7,63.0,0.0,135,0.0,False,0,0
2026-06-02T16:22:43,25.7,63.0,4.8,135,0.0,False,4,0
2026-06-02T16:22:44,25.7,65.0,4.8,135,0.0,False,4,0
2026-06-02T16:22:45,25.7,65.0,0.0,135,0.0,False,0,0
2026-06-02T16:22:46,25.7,65.0,0.0,135,0.0,False,0,0
2026-06-02T16:22:47,25.7,65.0,0.0,135,0.0,False,0,0
2026-06-02T16:22:48,25.8,65.0,0.0,135,0.0,False,0,0
2026-06-02T16:22:49,25.6,64.0,0.0,135,0.2,True,0,1
2026-06-02T16:22:49,25.8,65.0,0.0,135,0.0,False,0,0
2026-06-02T16:22:50,25.8,64.0,0.0,135,0.0,False,0,0
2026-06-02T16:22:51,25.8,64.0,0.0,135,0.0,False,0,0
2026-06-02T16:22:52,25.8,64.0,0.0,135,0.0,False,0,0
2026-06-02T16:22:53,25.8,64.0,0.0,135,0.0,False,0,0
2026-06-02T16:22:54,25.8,64.0,0.0,135,0.0,False,0,0
2026-06-02T16:22:55,25.8,64.0,0.0,135,0.0,False,0,0
2026-06-02T16:22:56,25.8,64.0,0.0,135,0.0,False,0,0
2026-06-02T16:22:57,25.8,64.0,0.0,135,0.0,False,0,0
2026-06-02T16:22:58,25.8,64.0,0.0,135,0.0,False,0,0
2026-06-02T16:22:59,25.8,64.0,0.0,135,0.0,False,0,0
2026-06-02T16:23:00,25.8,63.0,0.0,135,0.0,False,0,0
2026-06-02T16:23:01,25.8,63.0,0.0,135,0.0,False,0,0
2026-06-02T16:23:03,25.8,63.0,0.0,135,0.0,False,0,0
2026-06-02T16:23:04,25.8,63.0,0.0,135,0.0,False,0,0
2026-06-02T16:23:04,25.8,63.0,0.0,135,0.0,False,0,0
2026-06-02T16:23:06,25.8,63.0,0.0,135,0.0,False,0,0
2026-06-02T16:23:07,25.8,63.0,0.0,135,0.0,False,0,0
2026-06-02T16:23:08,25.8,63.0,0.0,135,0.0,False,0,0
2026-06-02T16:23:09,25.8,63.0,0.0,135,0.0,False,0,0
2026-06-02T16:23:10,25.8,63.0,0.0,135,0.0,False,0,0
2026-06-02T16:23:11,25.8,63.0,0.0,135,0.0,False,0,0
2026-06-02T16:23:12,25.8,63.0,0.0,135,0.0,False,0,0
2026-06-02T16:23:13,25.8,63.0,0.0,135,0.0,False,0,0
2026-06-02T16:23:14,25.8,63.0,0.0,135,0.0,False,0,0
2026-06-02T16:23:15,25.8,63.0,4.8,135,0.0,False,4,0
2026-06-02T16:23:16,25.8,63.0,4.8,135,0.0,False,4,0
2026-06-02T16:23:17,25.8,64.0,4.8,135,0.0,False,4,0
2026-06-02T16:23:18,25.8,64.0,0.0,135,0.0,False,0,0
2026-06-02T16:23:19,25.8,64.0,0.0,135,0.0,False,0,0
2026-06-02T16:23:20,25.8,64.0,0.0,135,0.0,False,0,0
2026-06-02T16:23:21,25.8,64.0,0.0,135,0.0,False,0,0
2026-06-02T16:23:22,25.8,64.0,0.0,135,0.0,False,0,0
2026-06-02T16:23:23,25.8,63.0,0.0,135,0.0,False,0,0
2026-06-02T16:23:24,25.8,63.0,0.0,135,0.0,False,0,0
2026-06-02T16:23:25,25.8,63.0,0.0,135,0.0,False,0,0
2026-06-02T16:23:26,25.8,63.0,0.0,135,0.0,False,0,0
2026-06-02T16:23:27,25.8,63.0,0.0,135,0.0,False,0,0
2026-06-02T16:23:29,25.8,63.0,0.0,135,0.0,False,0,0
2026-06-02T16:23:30,25.8,63.0,0.0,135,0.0,False,0,0
2026-06-02T16:23:31,25.8,63.0,0.0,135,0.0,False,0,0
2026-06-02T16:23:32,25.8,63.0,0.0,135,0.0,False,0,0
2026-06-02T16:23:33,25.8,63.0,0.0,135,0.0,False,0,0
2026-06-02T16:23:34,25.8,63.0,0.0,135,0.0,False,0,0
2026-06-02T16:23:35,25.8,63.0,0.0,135,0.0,False,0,0
2026-06-02T16:23:36,25.8,63.0,0.0,135,0.0,False,0,0
2026-06-02T16:23:37,25.8,63.0,0.0,135,0.0,False,0,0
2026-06-02T16:23:38,25.8,63.0,0.0,135,0.0,False,0,0
2026-06-02T16:23:39,25.8,63.0,0.0,135,0.0,False,0,0
2026-06-02T16:23:40,25.8,63.0,0.0,135,0.0,False,0,0
2026-06-02T16:23:41,25.8,63.0,0.0,135,0.0,False,0,0
2026-06-02T16:23:42,25.8,63.0,0.0,135,0.0,False,0,0
2026-06-02T16:23:43,25.8,63.0,0.0,135,0.0,False,0,0
2026-06-02T16:23:44,25.8,63.0,0.0,135,0.0,False,0,0
2026-06-02T16:23:45,25.8,63.0,0.0,135,0.0,False,0,0
2026-06-02T16:23:46,25.8,63.0,0.0,135,0.0,False,0,0
2026-06-02T16:23:47,25.8,63.0,0.0,135,0.0,False,0,0
2026-06-02T16:23:48,25.8,63.0,0.0,135,0.0,False,0,0
2026-06-02T16:23:49,25.8,63.0,0.0,135,0.0,False,0,0
2026-06-02T16:23:51,25.8,63.0,0.0,135,0.0,False,0,0
2026-06-02T16:23:51,25.8,63.0,0.0,135,0.0,False,0,0
2026-06-02T16:23:52,25.8,63.0,0.0,135,0.0,False,0,0
2026-06-02T16:23:54,25.8,63.0,0.0,135,0.0,False,0,0
2026-06-02T16:23:55,25.8,63.0,0.0,135,0.0,False,0,0
2026-06-02T16:23:56,25.8,63.0,1.2,135,0.0,False,1,0
2026-06-02T16:23:56,25.8,63.0,0.0,135,0.0,False,0,0
2026-06-02T16:23:58,25.8,63.0,1.2,135,0.0,False,1,0
2026-06-02T16:23:59,25.8,64.0,0.0,135,0.0,False,0,0
2026-06-02T16:24:00,25.8,64.0,0.0,135,0.0,False,0,0
2026-06-02T16:24:01,25.8,64.0,4.8,135,0.0,False,4,0
2026-06-02T16:24:02,25.8,64.0,4.8,135,0.0,False,4,0
2026-06-02T16:24:03,25.8,64.0,2.4,135,0.0,False,2,0
2026-06-02T16:24:04,25.8,64.0,0.0,135,0.0,False,0,0
2026-06-02T16:24:05,25.8,64.0,0.0,135,0.0,False,0,0
2026-06-02T16:24:06,25.8,64.0,0.0,135,0.0,False,0,0
2026-06-02T16:24:07,25.8,64.0,0.0,135,0.0,False,0,0
2026-06-02T16:24:08,25.8,64.0,0.0,135,0.0,False,0,0
2026-06-02T16:24:09,25.8,64.0,0.0,135,0.0,False,0,0
2026-06-02T16:24:10,25.8,64.0,0.0,135,0.0,False,0,0
2026-06-02T16:24:11,25.8,64.0,0.0,135,0.0,False,0,0
2026-06-02T16:24:12,25.8,64.0,0.0,135,0.0,False,0,0
2026-06-02T16:24:13,25.8,64.0,0.0,135,0.0,False,0,0
2026-06-02T16:24:14,25.8,64.0,0.0,135,0.0,False,0,0
2026-06-02T16:24:15,25.8,64.0,0.0,135,0.0,False,0,0
2026-06-02T16:24:16,25.8,64.0,0.0,135,0.0,False,0,0
2026-06-02T16:24:17,25.8,63.0,0.0,135,0.0,False,0,0
2026-06-02T16:24:18,25.8,63.0,0.0,135,0.0,False,0,0
2026-06-02T16:24:19,25.8,63.0,0.0,135,0.0,False,0,0
2026-06-02T16:24:20,25.8,63.0,0.0,135,0.0,False,0,0
2026-06-02T16:24:21,25.8,64.0,0.0,135,0.0,False,0,0
2026-06-02T16:24:22,25.8,64.0,0.0,135,0.0,False,0,0
2026-06-02T16:24:23,25.8,64.0,0.0,135,0.0,False,0,0
2026-06-02T16:24:24,25.8,64.0,0.0,135,0.0,False,0,0
2026-06-02T16:24:25,25.8,64.0,0.0,135,0.0,False,0,0
2026-06-02T16:24:26,25.8,64.0,0.0,135,0.0,False,0,0
2026-06-02T16:24:27,25.8,64.0,0.0,135,0.0,False,0,0
2026-06-02T16:24:29,25.8,64.0,0.0,135,0.0,False,0,0
2026-06-02T16:24:30,25.8,64.0,0.0,135,0.0,False,0,0
2026-06-02T16:24:31,25.8,64.0,0.0,135,0.0,False,0,0
2026-06-02T16:24:32,25.8,64.0,0.0,135,0.0,False,0,0
2026-06-02T16:24:33,25.8,64.0,0.0,135,0.0,False,0,0
2026-06-02T16:24:34,25.8,63.0,0.0,135,0.0,False,0,0
2026-06-02T16:24:35,25.8,63.0,0.0,135,0.0,False,0,0
2026-06-02T16:24:36,25.8,63.0,0.0,135,0.0,False,0,0
2026-06-02T16:24:37,25.8,63.0,0.0,135,0.0,False,0,0
2026-06-02T16:24:38,25.8,63.0,0.0,135,0.0,False,0,0
2026-06-02T16:24:39,25.8,63.0,0.0,135,0.0,False,0,0
2026-06-02T16:24:40,25.8,63.0,0.0,135,0.0,False,0,0
2026-06-02T16:24:41,25.8,63.0,0.0,135,0.0,False,0,0
2026-06-02T16:24:42,25.8,63.0,0.0,135,0.0,False,0,0
2026-06-02T16:24:43,25.8,63.0,0.0,135,0.0,False,0,0
2026-06-02T16:24:44,25.8,63.0,0.0,135,0.0,False,0,0
2026-06-02T16:24:45,25.8,63.0,0.0,135,0.0,False,0,0
2026-06-02T16:24:46,25.8,63.0,0.0,135,0.0,False,0,0
2026-06-02T16:24:47,25.8,63.0,0.0,135,0.0,False,0,0
2026-06-02T16:24:48,25.9,63.0,0.0,135,0.0,False,0,0
2026-06-02T16:24:49,25.9,63.0,0.0,135,0.0,False,0,0
2026-06-02T16:24:50,25.9,63.0,0.0,135,0.0,False,0,0
2026-06-02T16:24:51,25.9,63.0,0.0,135,0.0,False,0,0
2026-06-02T16:24:53,25.9,63.0,0.0,135,0.0,False,0,0
2026-06-02T16:24:53,25.9,63.0,0.0,135,0.0,False,0,0
2026-06-02T16:24:54,25.9,63.0,0.0,135,0.0,False,0,0
2026-06-02T16:24:55,25.9,63.0,0.0,135,0.0,False,0,0
2026-06-02T16:24:56,25.9,63.0,0.0,135,0.0,False,0,0
2026-06-02T16:24:58,25.9,63.0,0.0,135,0.0,False,0,0
2026-06-02T16:24:59,25.9,62.0,0.0,135,0.0,False,0,0
2026-06-02T16:25:00,25.9,62.0,0.0,135,0.0,False,0,0
2026-06-02T16:25:01,25.9,63.0,0.0,135,0.0,False,0,0
2026-06-02T16:25:02,25.9,63.0,0.0,135,0.0,False,0,0
2026-06-02T16:25:03,25.9,62.0,0.0,135,0.0,False,0,0
2026-06-02T16:25:04,25.9,62.0,0.0,135,0.0,False,0,0
2026-06-02T16:25:05,25.9,62.0,0.0,135,0.0,False,0,0
2026-06-02T16:25:06,25.9,62.0,0.0,135,0.0,False,0,0
2026-06-02T16:25:07,25.9,62.0,0.0,135,0.0,False,0,0
2026-06-02T16:25:08,25.9,62.0,0.0,135,0.0,False,0,0
2026-06-02T16:25:09,25.9,62.0,0.0,135,0.0,False,0,0
2026-06-02T16:25:10,25.9,62.0,0.0,135,0.0,False,0,0
2026-06-02T16:25:11,25.9,62.0,0.0,135,0.0,False,0,0
2026-06-02T16:25:12,25.9,62.0,0.0,135,0.0,False,0,0
2026-06-02T16:25:13,25.9,62.0,0.0,135,0.0,False,0,0
2026-06-02T16:25:14,25.9,62.0,0.0,135,0.0,False,0,0
2026-06-02T16:25:15,25.9,62.0,0.0,135,0.0,False,0,0
2026-06-02T16:25:16,25.9,62.0,0.0,135,0.0,False,0,0
2026-06-02T16:25:17,25.9,62.0,0.0,135,0.0,False,0,0
2026-06-02T16:25:18,25.9,62.0,0.0,135,0.0,False,0,0
2026-06-02T16:25:19,25.9,62.0,0.0,135,0.0,False,0,0
2026-06-02T16:25:21,25.9,62.0,0.0,135,0.0,False,0,0
2026-06-02T16:25:22,25.9,62.0,0.0,135,0.0,False,0,0
2026-06-02T16:25:23,25.9,62.0,0.0,135,0.0,False,0,0
2026-06-02T16:25:23,25.9,62.0,0.0,135,0.0,False,0,0
2026-06-02T16:25:25,25.9,62.0,0.0,135,0.0,False,0,0
2026-06-02T16:25:26,25.9,62.0,0.0,135,0.0,False,0,0
2026-06-02T16:25:27,25.9,62.0,0.0,135,0.0,False,0,0
2026-06-02T16:25:28,25.9,62.0,0.0,135,0.0,False,0,0
2026-06-02T16:25:29,25.9,62.0,0.0,135,0.0,False,0,0
2026-06-02T16:25:30,25.9,62.0,0.0,135,0.0,False,0,0
2026-06-02T16:25:31,25.9,62.0,0.0,135,0.0,False,0,0
2026-06-02T16:25:32,25.9,62.0,0.0,135,0.0,False,0,0
2026-06-02T16:25:33,25.9,62.0,0.0,135,0.0,False,0,0
2026-06-02T16:25:34,25.9,62.0,0.0,135,0.0,False,0,0
2026-06-02T16:25:35,25.9,62.0,0.0,135,0.0,False,0,0
2026-06-02T16:25:36,25.9,62.0,0.0,135,0.0,False,0,0
2026-06-02T16:25:37,25.9,62.0,0.0,135,0.0,False,0,0
2026-06-02T16:25:38,25.9,62.0,0.0,135,0.0,False,0,0
2026-06-02T16:25:39,25.9,62.0,0.0,135,0.0,False,0,0
2026-06-02T16:25:40,25.8,62.0,0.0,135,0.0,False,0,0
2026-06-02T16:25:41,25.8,62.0,0.0,135,0.0,False,0,0
2026-06-02T16:25:42,25.8,62.0,0.0,135,0.0,False,0,0
2026-06-02T16:25:43,25.8,62.0,0.0,135,0.0,False,0,0
2026-06-02T16:25:44,25.8,62.0,0.0,135,0.0,False,0,0
2026-06-02T16:25:45,25.8,62.0,0.0,135,0.0,False,0,0
2026-06-02T16:25:46,25.8,62.0,0.0,135,0.0,False,0,0
2026-06-02T16:25:47,25.8,62.0,0.0,135,0.0,False,0,0
2026-06-02T16:25:48,25.8,62.0,0.0,135,0.0,False,0,0
2026-06-02T16:25:49,25.8,62.0,0.0,135,0.0,False,0,0
2026-06-02T16:25:50,25.8,62.0,0.0,135,0.0,False,0,0
2026-06-02T16:25:52,25.8,62.0,0.0,135,0.0,False,0,0
2026-06-02T16:25:53,25.8,62.0,0.0,135,0.0,False,0,0
2026-06-02T16:25:54,25.8,62.0,0.0,135,0.0,False,0,0
2026-06-02T16:25:55,25.8,62.0,0.0,135,0.0,False,0,0
2026-06-02T16:25:56,25.8,62.0,0.0,135,0.0,False,0,0
2026-06-02T16:25:57,25.8,62.0,0.0,135,0.0,False,0,0
2026-06-02T16:25:58,25.8,62.0,0.0,135,0.0,False,0,0
2026-06-02T16:25:59,25.8,62.0,0.0,135,0.0,False,0,0
2026-06-02T16:26:00,25.8,62.0,0.0,135,0.0,False,0,0
2026-06-02T16:26:01,25.8,62.0,0.0,135,0.0,False,0,0
2026-06-02T16:26:02,25.8,62.0,0.0,135,0.0,False,0,0
2026-06-02T16:26:03,25.8,62.0,2.4,135,0.0,False,2,0
2026-06-02T16:26:04,25.8,62.0,0.0,135,0.0,False,0,0
2026-06-02T16:26:05,25.8,62.0,0.0,135,0.0,False,0,0
2026-06-02T16:26:06,25.8,62.0,0.0,135,0.0,False,0,0
2026-06-02T16:26:07,25.8,62.0,0.0,135,0.0,False,0,0
2026-06-02T16:26:08,25.8,62.0,0.0,135,0.0,False,0,0
2026-06-02T16:26:09,25.8,62.0,0.0,135,0.0,False,0,0
2026-06-02T16:26:10,25.8,62.0,0.0,135,0.0,False,0,0
2026-06-02T16:26:11,25.8,62.0,0.0,135,0.0,False,0,0
2026-06-02T16:26:12,25.8,62.0,0.0,135,0.0,False,0,0
2026-06-02T16:26:13,25.8,62.0,0.0,135,0.0,False,0,0
2026-06-02T16:26:14,25.8,62.0,0.0,135,0.0,False,0,0
2026-06-02T16:26:15,25.8,62.0,0.0,135,0.0,False,0,0
2026-06-02T16:26:16,25.8,62.0,0.0,135,0.0,False,0,0
2026-06-02T16:26:18,25.8,62.0,0.0,135,0.0,False,0,0
2026-06-02T16:26:19,25.8,62.0,0.0,135,0.0,False,0,0
2026-06-02T16:26:20,25.8,62.0,0.0,135,0.0,False,0,0
2026-06-02T16:26:21,25.8,62.0,0.0,135,0.0,False,0,0
2026-06-02T16:26:22,25.8,62.0,0.0,135,0.0,False,0,0
2026-06-02T16:26:23,25.8,62.0,0.0,135,0.0,False,0,0
2026-06-02T16:26:24,25.8,62.0,0.0,135,0.0,False,0,0
2026-06-02T16:26:25,25.8,62.0,0.0,135,0.0,False,0,0
2026-06-02T16:26:26,25.8,62.0,0.0,135,0.0,False,0,0
2026-06-02T16:26:27,25.8,62.0,0.0,135,0.0,False,0,0
2026-06-02T16:26:28,25.8,62.0,0.0,135,0.0,False,0,0
2026-06-02T16:26:29,25.8,62.0,0.0,135,0.0,False,0,0
2026-06-02T16:26:30,25.8,62.0,0.0,135,0.0,False,0,0
2026-06-02T16:26:31,25.8,62.0,0.0,135,0.0,False,0,0
2026-06-02T16:26:32,25.8,62.0,0.0,135,0.0,False,0,0
2026-06-02T16:26:33,25.8,62.0,0.0,135,0.0,False,0,0
2026-06-02T16:26:34,25.8,62.0,0.0,135,0.0,False,0,0
2026-06-02T16:26:35,25.8,62.0,0.0,135,0.0,False,0,0
2026-06-02T16:26:36,25.7,62.0,0.0,135,0.0,False,0,0
2026-06-02T16:26:37,25.7,62.0,0.0,135,0.0,False,0,0
2026-06-02T16:26:38,25.7,62.0,0.0,135,0.0,False,0,0
2026-06-02T16:26:39,25.7,62.0,0.0,135,0.0,False,0,0
2026-06-02T16:26:40,25.7,62.0,0.0,135,0.0,False,0,0
2026-06-02T16:26:41,25.7,62.0,0.0,135,0.0,False,0,0
2026-06-02T16:26:42,25.7,62.0,0.0,135,0.0,False,0,0
2026-06-02T16:26:43,25.7,62.0,0.0,135,0.0,False,0,0
2026-06-02T16:26:44,25.7,62.0,0.0,135,0.0,False,0,0
2026-06-02T16:26:45,25.7,62.0,0.0,135,0.0,False,0,0
2026-06-02T16:26:46,25.7,62.0,0.0,135,0.0,False,0,0
2026-06-02T16:26:48,25.7,62.0,0.0,135,0.0,False,0,0
2026-06-02T16:26:49,25.7,62.0,0.0,135,0.0,False,0,0
2026-06-02T16:26:50,25.7,62.0,0.0,135,0.0,False,0,0
2026-06-02T16:26:51,25.7,63.0,0.0,135,0.0,False,0,0
2026-06-02T16:26:52,25.7,63.0,0.0,135,0.0,False,0,0
2026-06-02T16:26:53,25.7,62.0,0.0,135,0.0,False,0,0
2026-06-02T16:26:54,25.7,62.0,0.0,135,0.0,False,0,0
2026-06-02T16:26:55,25.7,62.0,0.0,135,0.0,False,0,0
2026-06-02T16:26:56,25.7,62.0,0.0,135,0.0,False,0,0
2026-06-02T16:26:57,25.7,62.0,0.0,135,0.0,False,0,0
2026-06-02T16:26:59,25.7,63.0,0.0,135,0.0,False,0,0
2026-06-02T16:27:00,25.7,63.0,0.0,135,0.0,False,0,0
2026-06-02T16:27:01,25.7,62.0,0.0,135,0.0,False,0,0
2026-06-02T16:27:03,25.7,62.0,0.0,135,0.0,False,0,0
2026-06-02T16:27:04,25.7,63.0,0.0,135,0.0,False,0,0
2026-06-02T16:27:05,25.7,63.0,0.0,135,0.0,False,0,0
2026-06-02T16:27:06,25.7,62.0,0.0,135,0.0,False,0,0
2026-06-02T16:27:07,25.7,62.0,0.0,135,0.0,False,0,0
2026-06-02T16:27:08,25.7,62.0,0.0,135,0.0,False,0,0
2026-06-02T16:27:10,25.7,62.0,0.0,135,0.0,False,0,0
2026-06-02T16:27:10,25.7,63.0,0.0,135,0.0,False,0,0
2026-06-02T16:27:11,25.7,63.0,0.0,135,0.0,False,0,0
2026-06-02T16:27:12,25.7,62.0,0.0,135,0.0,False,0,0
2026-06-02T16:27:13,25.7,62.0,0.0,135,0.0,False,0,0
2026-06-02T16:27:15,25.7,62.0,0.0,135,0.0,False,0,0
2026-06-02T16:27:16,25.7,62.0,0.0,135,0.0,False,0,0
2026-06-02T16:27:17,25.7,62.0,0.0,135,0.0,False,0,0
2026-06-02T16:27:17,25.7,62.0,0.0,135,0.0,False,0,0
2026-06-02T16:27:19,25.7,63.0,0.0,135,0.0,False,0,0
2026-06-02T16:27:20,25.7,63.0,0.0,135,0.0,False,0,0
2026-06-02T16:27:21,25.7,62.0,0.0,135,0.0,False,0,0
2026-06-02T16:27:22,25.7,62.0,0.0,135,0.0,False,0,0
2026-06-02T16:27:23,25.7,62.0,0.0,135,0.0,False,0,0
2026-06-02T16:27:24,25.7,62.0,0.0,135,0.0,False,0,0
2026-06-02T16:27:25,25.8,62.0,0.0,135,0.0,False,0,0
2026-06-02T16:27:26,25.8,62.0,0.0,135,0.0,False,0,0
2026-06-02T16:27:27,25.8,62.0,0.0,135,0.0,False,0,0
2026-06-02T16:27:28,25.8,62.0,0.0,135,0.0,False,0,0
2026-06-02T16:27:29,25.8,62.0,0.0,135,0.0,False,0,0
2026-06-02T16:27:30,25.8,62.0,0.0,135,0.0,False,0,0
2026-06-02T16:27:31,25.8,62.0,0.0,135,0.0,False,0,0
2026-06-02T16:27:32,25.8,62.0,0.0,135,0.0,False,0,0
2026-06-02T16:27:33,25.8,62.0,0.0,135,0.0,False,0,0
2026-06-02T16:27:34,25.8,62.0,0.0,135,0.0,False,0,0
2026-06-02T16:27:35,25.8,62.0,0.0,135,0.0,False,0,0
2026-06-02T16:27:36,25.8,62.0,0.0,135,0.0,False,0,0
2026-06-02T16:27:37,25.8,62.0,0.0,135,0.0,False,0,0
2026-06-02T16:27:38,25.8,62.0,0.0,135,0.0,False,0,0
2026-06-02T16:27:39,25.8,62.0,0.0,135,0.0,False,0,0
2026-06-02T16:27:40,25.8,62.0,0.0,135,0.0,False,0,0
2026-06-02T16:27:41,25.8,62.0,0.0,135,0.0,False,0,0
2026-06-02T16:27:42,25.8,62.0,0.0,135,0.0,False,0,0
2026-06-02T16:27:44,25.8,62.0,0.0,135,0.0,False,0,0
2026-06-02T16:27:44,25.8,62.0,0.0,135,0.0,False,0,0
2026-06-02T16:27:46,25.8,62.0,0.0,135,0.0,False,0,0
2026-06-02T16:27:46,25.8,62.0,0.0,135,0.0,False,0,0
2026-06-02T16:27:48,25.7,62.0,0.0,135,0.0,False,0,0
2026-06-02T16:27:49,25.7,62.0,0.0,135,0.0,False,0,0
2026-06-02T16:27:50,25.8,62.0,0.0,135,0.0,False,0,0
2026-06-02T16:27:51,25.8,62.0,0.0,135,0.0,False,0,0
2026-06-02T16:27:52,25.8,62.0,0.0,135,0.0,False,0,0
2026-06-02T16:27:53,25.8,62.0,0.0,135,0.0,False,0,0
2026-06-02T16:27:54,25.8,62.0,0.0,135,0.0,False,0,0
2026-06-02T16:27:55,25.8,62.0,0.0,135,0.0,False,0,0
2026-06-02T16:27:56,25.8,62.0,0.0,135,0.0,False,0,0
2026-06-02T16:27:57,25.8,62.0,0.0,135,0.0,False,0,0
2026-06-02T16:27:58,25.8,62.0,0.0,135,0.0,False,0,0
2026-06-02T16:27:59,25.8,62.0,0.0,135,0.0,False,0,0
2026-06-02T16:28:00,25.8,62.0,0.0,135,0.0,False,0,0
2026-06-02T16:28:01,25.8,62.0,0.0,135,0.0,False,0,0
2026-06-02T16:28:02,25.8,62.0,0.0,135,0.0,False,0,0
2026-06-02T16:28:03,25.8,62.0,0.0,135,0.0,False,0,0
2026-06-02T16:28:04,25.8,62.0,0.0,135,0.0,False,0,0
2026-06-02T16:28:05,25.8,62.0,0.0,135,0.0,False,0,0
2026-06-02T16:28:06,25.8,62.0,0.0,135,0.0,False,0,0
2026-06-02T16:28:07,25.8,62.0,0.0,135,0.0,False,0,0
2026-06-02T16:28:08,25.8,62.0,1.2,135,0.0,False,1,0
2026-06-02T16:28:09,25.8,62.0,0.0,135,0.0,False,0,0
2026-06-02T16:28:10,25.8,62.0,0.0,135,0.0,False,0,0
2026-06-02T16:28:11,25.8,62.0,0.0,135,0.0,False,0,0
2026-06-02T16:28:12,25.8,62.0,0.0,135,0.0,False,0,0
2026-06-02T16:28:13,25.8,62.0,0.0,135,0.0,False,0,0
2026-06-02T16:28:14,25.8,62.0,1.2,135,0.0,False,1,0
2026-06-02T16:28:15,25.8,62.0,0.0,135,0.0,False,0,0
2026-06-02T16:28:16,25.8,62.0,0.0,135,0.0,False,0,0
2026-06-02T16:28:18,25.8,62.0,0.0,135,0.0,False,0,0
2026-06-02T16:28:19,25.8,62.0,0.0,135,0.0,False,0,0
2026-06-02T16:28:20,25.8,62.0,0.0,135,0.0,False,0,0
2026-06-02T16:28:21,25.8,62.0,0.0,135,0.0,False,0,0
2026-06-02T16:28:22,25.8,62.0,0.0,135,0.0,False,0,0
2026-06-02T16:28:23,25.8,62.0,0.0,135,0.0,False,0,0
2026-06-02T16:28:24,25.8,62.0,0.0,135,0.0,False,0,0
2026-06-02T16:28:25,25.8,62.0,0.0,135,0.0,False,0,0
2026-06-02T16:28:26,25.8,62.0,0.0,135,0.0,False,0,0
2026-06-02T16:28:27,25.8,62.0,0.0,135,0.0,False,0,0
2026-06-02T16:28:28,25.8,62.0,0.0,135,0.0,False,0,0
2026-06-02T16:28:29,25.8,62.0,0.0,135,0.0,False,0,0
2026-06-02T16:28:30,25.8,62.0,0.0,135,0.0,False,0,0
2026-06-02T16:28:31,25.8,62.0,0.0,135,0.0,False,0,0
2026-06-02T16:28:32,25.8,62.0,0.0,135,0.0,False,0,0
2026-06-02T16:28:33,25.8,62.0,0.0,135,0.0,False,0,0
2026-06-02T16:28:34,25.8,62.0,0.0,135,0.0,False,0,0
2026-06-02T16:28:35,25.7,62.0,0.0,135,0.0,False,0,0
2026-06-02T16:28:36,25.7,62.0,0.0,135,0.0,False,0,0
2026-06-02T16:28:37,25.7,62.0,0.0,135,0.0,False,0,0
2026-06-02T16:28:38,25.7,62.0,0.0,135,0.0,False,0,0
2026-06-02T16:28:39,25.7,62.0,0.0,135,0.0,False,0,0
2026-06-02T16:28:40,25.7,62.0,0.0,135,0.0,False,0,0
2026-06-02T16:28:42,25.7,63.0,0.0,135,0.0,False,0,0
2026-06-02T16:28:42,25.7,63.0,0.0,135,0.0,False,0,0
2026-06-02T16:28:44,25.7,62.0,0.0,135,0.0,False,0,0
2026-06-02T16:28:45,25.7,62.0,0.0,135,0.0,False,0,0
2026-06-02T16:28:46,25.8,62.0,0.0,135,0.0,False,0,0
2026-06-02T16:28:47,25.8,62.0,0.0,135,0.0,False,0,0
2026-06-02T16:28:48,25.7,63.0,0.0,135,0.0,False,0,0
2026-06-02T16:28:49,25.7,63.0,0.0,135,0.0,False,0,0
2026-06-02T16:28:50,25.7,62.0,0.0,135,0.0,False,0,0
2026-06-02T16:28:51,25.7,62.0,0.0,135,0.0,False,0,0
2026-06-02T16:28:52,25.7,62.0,0.0,135,0.0,False,0,0
2026-06-02T16:28:53,25.7,62.0,0.0,135,0.0,False,0,0
2026-06-02T16:28:54,25.7,63.0,0.0,135,0.0,False,0,0
2026-06-02T16:28:55,25.7,63.0,0.0,135,0.0,False,0,0
2026-06-02T16:28:56,25.7,62.0,0.0,135,0.0,False,0,0
2026-06-02T16:28:57,25.7,62.0,0.0,135,0.0,False,0,0
2026-06-02T16:28:58,25.7,62.0,0.0,135,0.0,False,0,0
2026-06-02T16:28:59,25.7,62.0,0.0,135,0.0,False,0,0
2026-06-02T16:29:00,25.7,63.0,0.0,135,0.0,False,0,0
2026-06-02T16:29:01,25.7,63.0,0.0,135,0.0,False,0,0
2026-06-02T16:29:02,25.7,63.0,0.0,135,0.0,False,0,0
2026-06-02T16:29:03,25.7,63.0,0.0,135,0.0,False,0,0
2026-06-02T16:29:04,25.7,62.0,0.0,135,0.0,False,0,0
2026-06-02T16:29:05,25.7,62.0,0.0,135,0.0,False,0,0
2026-06-02T16:29:06,25.7,62.0,0.0,135,0.0,False,0,0
2026-06-02T16:29:07,25.7,62.0,0.0,135,0.0,False,0,0
2026-06-02T16:29:08,25.7,62.0,0.0,135,0.0,False,0,0
2026-06-02T16:29:10,25.7,62.0,0.0,135,0.0,False,0,0
2026-06-02T16:29:10,25.7,62.0,0.0,135,0.0,False,0,0
2026-06-02T16:29:12,25.7,62.0,0.0,135,0.0,False,0,0
2026-06-02T16:29:13,25.7,62.0,0.0,135,0.0,False,0,0
2026-06-02T16:29:14,25.7,62.0,0.0,135,0.0,False,0,0
2026-06-02T16:29:15,25.7,62.0,0.0,135,0.0,False,0,0
2026-06-02T16:29:16,25.7,62.0,0.0,135,0.0,False,0,0
2026-06-02T16:29:17,25.7,62.0,0.0,135,0.0,False,0,0
2026-06-02T16:29:18,25.7,62.0,0.0,135,0.0,False,0,0
2026-06-02T16:29:19,25.7,63.0,0.0,135,0.0,False,0,0
2026-06-02T16:29:20,25.7,63.0,0.0,135,0.0,False,0,0
2026-06-02T16:29:21,25.7,63.0,0.0,135,0.0,False,0,0
2026-06-02T16:29:22,25.7,63.0,0.0,135,0.0,False,0,0
2026-06-02T16:29:23,25.7,63.0,0.0,135,0.0,False,0,0
2026-06-02T16:29:24,25.7,63.0,0.0,135,0.0,False,0,0
2026-06-02T16:29:25,25.7,63.0,0.0,135,0.0,False,0,0
2026-06-02T16:29:26,25.7,63.0,0.0,135,0.0,False,0,0
2026-06-02T16:29:27,25.7,63.0,0.0,135,0.0,False,0,0
2026-06-02T16:29:28,25.7,63.0,0.0,135,0.0,False,0,0
2026-06-02T16:29:33,25.7,63.0,0.0,135,0.0,False,0,0
2026-06-02T16:29:34,25.6,63.0,0.0,135,0.0,False,0,0
2026-06-02T16:29:35,25.6,63.0,0.0,135,0.0,False,0,0
2026-06-02T16:29:39,25.6,63.0,0.0,135,0.0,False,0,0
2026-06-02T16:29:39,25.6,63.0,4.8,135,0.0,False,4,0
2026-06-02T16:29:40,25.6,63.0,0.0,135,0.0,False,0,0
2026-06-02T16:29:41,25.6,63.0,0.0,135,0.0,False,0,0
2026-06-02T16:29:42,25.6,63.0,0.0,135,0.0,False,0,0
2026-06-02T16:29:43,25.6,63.0,0.0,135,0.0,False,0,0
2026-06-02T16:29:45,25.6,63.0,0.0,135,0.0,False,0,0
2026-06-02T16:29:46,25.6,63.0,0.0,135,0.0,False,0,0
2026-06-02T16:29:47,25.6,63.0,0.0,135,0.0,False,0,0
2026-06-02T16:29:48,25.6,63.0,0.0,135,0.0,False,0,0
2026-06-02T16:29:49,25.6,63.0,0.0,135,0.0,False,0,0
2026-06-02T16:29:50,25.6,63.0,0.0,135,0.0,False,0,0
2026-06-02T16:29:50,25.6,63.0,0.0,135,0.0,False,0,0
2026-06-02T16:29:51,25.6,63.0,0.0,135,0.0,False,0,0
2026-06-02T16:29:52,25.6,63.0,0.0,135,0.0,False,0,0
2026-06-02T16:29:54,25.6,63.0,0.0,135,0.0,False,0,0
2026-06-02T16:29:55,25.6,63.0,0.0,135,0.0,False,0,0
2026-06-02T16:29:56,25.6,62.0,0.0,135,0.0,False,0,0
2026-06-02T16:29:57,25.6,62.0,0.0,135,0.0,False,0,0
2026-06-02T16:29:58,25.6,62.0,0.0,135,0.0,False,0,0
2026-06-02T16:29:59,25.6,62.0,0.0,135,0.0,False,0,0
2026-06-02T16:30:00,25.6,62.0,0.0,135,0.0,False,0,0
2026-06-02T16:30:01,25.6,62.0,0.0,135,0.0,False,0,0
2026-06-02T16:30:02,25.6,62.0,0.0,135,0.0,False,0,0
2026-06-02T16:30:03,25.6,62.0,0.0,135,0.0,False,0,0
2026-06-02T16:30:04,25.6,62.0,0.0,135,0.0,False,0,0
2026-06-02T16:30:05,25.6,62.0,0.0,135,0.0,False,0,0
2026-06-02T16:30:06,25.6,62.0,0.0,135,0.0,False,0,0
2026-06-02T16:30:08,25.6,62.0,0.0,135,0.0,False,0,0
2026-06-02T16:30:09,25.6,62.0,0.0,135,0.0,False,0,0
2026-06-02T16:30:09,25.6,62.0,0.0,135,0.0,False,0,0
2026-06-02T16:30:11,25.6,62.0,0.0,135,0.0,False,0,0
2026-06-02T16:30:11,25.6,62.0,0.0,135,0.0,False,0,0
2026-06-02T16:30:12,25.6,63.0,0.0,135,0.0,False,0,0
2026-06-02T16:30:14,25.6,63.0,0.0,135,0.0,False,0,0
2026-06-02T16:30:16,25.6,62.0,0.0,135,0.0,False,0,0
2026-06-02T16:30:16,25.6,62.0,0.0,135,0.0,False,0,0
2026-06-02T16:30:17,25.5,63.0,0.0,135,0.0,False,0,0
2026-06-02T16:30:18,25.5,63.0,0.0,135,0.0,False,0,0
2026-06-02T16:30:19,25.5,63.0,0.0,135,0.0,False,0,0
2026-06-02T16:30:20,25.5,63.0,0.0,135,0.0,False,0,0
2026-06-02T16:30:22,25.5,63.0,0.0,135,0.0,False,0,0
2026-06-02T16:30:22,25.5,63.0,0.0,135,0.0,False,0,0
2026-06-02T16:30:23,25.5,63.0,0.0,135,0.0,False,0,0
2026-06-02T16:30:24,25.5,63.0,0.0,135,0.0,False,0,0
2026-06-02T16:30:25,25.5,63.0,0.0,135,0.0,False,0,0
2026-06-02T16:30:27,25.5,63.0,0.0,135,0.0,False,0,0
2026-06-02T16:30:27,25.5,63.0,0.0,135,0.0,False,0,0
2026-06-02T16:30:28,25.5,63.0,0.0,135,0.0,False,0,0
2026-06-02T16:30:29,25.5,63.0,0.0,135,0.0,False,0,0
2026-06-02T16:30:30,25.5,63.0,0.0,135,0.0,False,0,0
2026-06-02T16:30:36,25.5,63.0,0.0,135,0.0,False,0,0
2026-06-02T16:30:43,25.5,63.0,0.0,135,0.0,False,0,0
2026-06-02T16:30:43,25.5,63.0,0.0,135,0.0,False,0,0
2026-06-02T16:30:44,25.5,63.0,0.0,135,0.0,False,0,0
2026-06-02T16:30:45,25.5,63.0,0.0,135,0.0,False,0,0
2026-06-02T16:30:46,25.5,63.0,0.0,135,0.0,False,0,0
2026-06-02T16:30:47,25.5,63.0,0.0,135,0.0,False,0,0
2026-06-02T16:30:48,25.5,63.0,0.0,135,0.0,False,0,0
2026-06-02T16:30:49,25.5,63.0,0.0,135,0.0,False,0,0
2026-06-02T16:30:53,25.5,63.0,0.0,135,0.0,False,0,0
2026-06-02T16:30:53,25.5,63.0,0.0,135,0.0,False,0,0
2026-06-02T16:30:54,25.5,63.0,0.0,135,0.0,False,0,0
2026-06-02T16:30:55,25.5,63.0,0.0,135,0.0,False,0,0
2026-06-02T16:30:56,25.5,63.0,0.0,135,0.0,False,0,0
2026-06-02T16:30:58,25.5,63.0,0.0,135,0.0,False,0,0
2026-06-02T16:30:58,25.5,63.0,0.0,135,0.0,False,0,0
2026-06-02T16:31:00,25.5,63.0,0.0,135,0.0,False,0,0
2026-06-02T16:31:01,25.5,63.0,0.0,135,0.0,False,0,0
2026-06-02T16:31:02,25.6,63.0,0.0,135,0.0,False,0,0
2026-06-02T16:31:03,25.6,63.0,0.0,135,0.0,False,0,0
2026-06-02T16:31:04,25.6,63.0,0.0,135,0.0,False,0,0
2026-06-02T16:31:05,25.6,63.0,0.0,135,0.0,False,0,0
2026-06-02T16:31:06,25.6,63.0,0.0,135,0.0,False,0,0
2026-06-02T16:31:07,25.6,63.0,0.0,135,0.0,False,0,0
2026-06-02T16:31:08,25.6,63.0,0.0,135,0.0,False,0,0
2026-06-02T16:31:09,25.6,63.0,0.0,135,0.0,False,0,0
2026-06-02T16:31:10,25.6,63.0,0.0,135,0.0,False,0,0
2026-06-02T16:31:11,25.6,63.0,0.0,135,0.0,False,0,0
2026-06-02T16:31:12,25.6,63.0,0.0,135,0.0,False,0,0
2026-06-02T16:31:13,25.6,63.0,0.0,135,0.0,False,0,0
2026-06-02T16:31:14,25.6,63.0,0.0,135,0.0,False,0,0
2026-06-02T16:31:15,25.6,63.0,0.0,135,0.0,False,0,0
2026-06-02T16:31:21,25.6,63.0,0.0,135,0.0,False,0,0
2026-06-02T16:31:22,25.6,63.0,0.0,135,0.0,False,0,0
2026-06-02T16:31:23,25.6,63.0,0.0,135,0.0,False,0,0
2026-06-02T16:31:30,25.6,63.0,0.0,135,0.0,False,0,0
2026-06-02T16:31:31,25.6,62.0,0.0,135,0.0,False,0,0
2026-06-02T16:31:32,25.6,62.0,0.0,135,0.0,False,0,0
2026-06-02T16:31:35,25.5,62.0,0.0,135,0.0,False,0,0
2026-06-02T16:31:36,25.6,62.0,0.0,135,0.0,False,0,0
2026-06-02T16:31:40,25.6,62.0,0.0,135,0.0,False,0,0
2026-06-02T16:31:40,25.5,62.0,0.0,135,0.0,False,0,0
2026-06-02T16:31:41,25.5,62.0,0.0,135,0.0,False,0,0
2026-06-02T16:31:42,25.5,62.0,0.0,135,0.0,False,0,0
2026-06-02T16:31:43,25.5,62.0,0.0,135,0.0,False,0,0
2026-06-02T16:31:47,25.5,62.0,0.0,135,0.0,False,0,0
2026-06-02T16:31:56,25.6,62.0,0.0,135,0.0,False,0,0
2026-06-02T16:31:57,25.5,63.0,0.0,135,0.0,False,0,0
2026-06-02T16:32:04,25.5,63.0,0.0,135,0.0,False,0,0
2026-06-02T16:32:05,25.5,63.0,0.0,135,0.0,False,0,0
